date,text
2025-01-11,I was trapped inside a library and couldn't find my way out.
2022-10-20,"I was attending a concert, but nobody recognized me."
2022-08-07,"I was underwater, breathing easily, surrounded by bird."
2023-12-10,"I was speaking with my childhood pet, and they turned into a cat."
2024-10-02,I met a celebrity who told me a secret about light.
2023-01-03,I found a door that gave me the power to disappear.
2024-06-22,"I was in a city, where time moved lonely."
2024-02-11,"I was in a library, where time moved excited."
2023-01-05,I found a light that gave me the power to heal.
2021-02-26,I walked into a library made entirely of book.
2023-11-02,"I was attending a concert, but nobody recognized me."
2023-12-17,I walked into a ocean made entirely of mirror.
2021-11-20,"I was running through a castle, chased by a cat."
2024-04-07,I found a door that gave me the power to fly.
2022-04-29,"I was running through a castle, chased by a dog."
2021-11-19,"I was running through a mountain, chased by a cat."
2025-02-06,"I was speaking with my stranger, and they turned into a cat."
2022-04-23,"I was speaking with my teacher, and they turned into a cat."
2025-05-30,I walked into a ocean made entirely of door.
2024-04-16,"I was running through a forest, chased by a fish."
2025-05-22,"I was in a school, where time moved afraid."
2020-10-21,I was trapped inside a ocean and couldn't find my way out.
2022-08-23,I was trapped inside a library and couldn't find my way out.
2024-03-20,I walked into a school made entirely of key.
2023-08-23,I was flying over forest and felt completely excited.
2023-02-14,"I was underwater, breathing easily, surrounded by bird."
2020-11-12,"I was attending a birthday party, but nobody recognized me."
2025-08-24,"I was speaking with my stranger, and they turned into a dog."
2023-08-03,"I was attending a graduation, but nobody recognized me."
2021-08-20,"I was underwater, breathing easily, surrounded by cat."
2025-01-24,"I was in a city, where time moved peaceful."
2022-04-30,I walked into a ocean made entirely of mirror.
2024-11-19,"I was attending a concert, but nobody recognized me."
2024-12-21,"I was in a city, where time moved peaceful."
2022-03-10,I found a mirror that gave me the power to heal.
2025-08-06,I was flying over library and felt completely happy.
2024-10-12,I was trapped inside a forest and couldn't find my way out.
2024-05-20,I was trapped inside a desert and couldn't find my way out.
2025-01-12,I walked into a forest made entirely of light.
2021-01-07,I met a childhood pet who told me a secret about door.
2021-07-18,"I was attending a concert, but nobody recognized me."
2022-05-26,I walked into a desert made entirely of door.
2022-12-07,"I was underwater, breathing easily, surrounded by dog."
2022-12-25,I was trapped inside a desert and couldn't find my way out.
2025-04-06,"I was underwater, breathing easily, surrounded by cat."
2021-12-17,I walked into a mountain made entirely of mirror.
2023-02-16,"I was running through a mountain, chased by a cat."
2024-10-03,"I was underwater, breathing easily, surrounded by bird."
2024-02-25,"I was underwater, breathing easily, surrounded by bird."
2024-10-13,"I was running through a school, chased by a fish."
2022-06-12,I met a childhood pet who told me a secret about key.
2022-09-07,I was trapped inside a school and couldn't find my way out.
2021-12-13,I was flying over city and felt completely confused.
2025-06-07,"I was in a castle, where time moved peaceful."
2023-02-22,"I was speaking with my stranger, and they turned into a fish."
2024-07-23,I found a key that gave me the power to fly.
2024-03-10,I was trapped inside a castle and couldn't find my way out.
2021-05-27,"I was in a desert, where time moved afraid."
2024-05-03,I walked into a library made entirely of key.
2025-05-25,"I was attending a wedding, but nobody recognized me."
2021-09-20,I was trapped inside a mountain and couldn't find my way out.
2021-10-04,"I was underwater, breathing easily, surrounded by monster."
2021-01-30,I walked into a desert made entirely of key.
2020-12-27,"I was running through a city, chased by a fish."
2021-01-02,"I was running through a city, chased by a cat."
2024-02-10,"I was running through a library, chased by a fish."
2022-01-04,I was trapped inside a library and couldn't find my way out.
2023-01-20,I was trapped inside a library and couldn't find my way out.
2020-12-05,I was trapped inside a mountain and couldn't find my way out.
2023-12-28,I walked into a library made entirely of door.
2022-12-17,I walked into a mountain made entirely of light.
2023-06-16,I was trapped inside a city and couldn't find my way out.
2023-01-16,I was trapped inside a city and couldn't find my way out.
2023-09-11,I was trapped inside a library and couldn't find my way out.
2021-02-09,I was flying over desert and felt completely confused.
2024-05-12,"I was underwater, breathing easily, surrounded by fish."
2024-04-05,"I was in a forest, where time moved confused."
2024-09-25,I was trapped inside a city and couldn't find my way out.
2024-07-19,"I was speaking with my friend, and they turned into a monster."
2023-07-12,"I was in a ocean, where time moved peaceful."
2022-12-26,I was trapped inside a desert and couldn't find my way out.
2022-09-09,"I was running through a city, chased by a monster."
2022-06-08,I walked into a library made entirely of door.
2020-11-15,"I was speaking with my teacher, and they turned into a monster."
2024-12-17,I met a teacher who told me a secret about light.
2022-10-21,"I was underwater, breathing easily, surrounded by monster."
2025-06-28,I met a teacher who told me a secret about light.
2024-10-01,I found a key that gave me the power to become invisible.
2022-04-25,"I was running through a city, chased by a dog."
2024-11-17,"I was running through a desert, chased by a bird."
2025-07-05,I met a teacher who told me a secret about light.
2024-08-02,I found a flower that gave me the power to disappear.
2022-05-14,I was flying over ocean and felt completely happy.
2021-08-11,I met a friend who told me a secret about flower.
2025-03-29,"I was running through a school, chased by a bird."
2024-11-06,I walked into a forest made entirely of door.
2022-09-25,I was flying over mountain and felt completely peaceful.
2022-06-25,"I was speaking with my childhood pet, and they turned into a monster."
2023-09-16,"I was attending a birthday party, but nobody recognized me."
2022-04-05,I was flying over city and felt completely confused.
2022-03-24,I met a ghost who told me a secret about mirror.
2025-05-27,"I was speaking with my stranger, and they turned into a cat."
2021-11-19,"I was speaking with my celebrity, and they turned into a bird."
2024-03-15,"I was running through a school, chased by a cat."
2022-08-28,I was trapped inside a castle and couldn't find my way out.
2023-01-19,"I was speaking with my childhood pet, and they turned into a dog."
2023-02-09,I was trapped inside a school and couldn't find my way out.
2022-05-12,I walked into a forest made entirely of key.
2024-01-20,"I was attending a concert, but nobody recognized me."
2021-07-08,"I was running through a library, chased by a dragon."
2025-04-18,I walked into a desert made entirely of book.
2024-06-15,"I was in a ocean, where time moved happy."
2023-06-15,"I was in a school, where time moved afraid."
2023-11-13,"I was running through a school, chased by a monster."
2022-07-04,"I was running through a forest, chased by a cat."
2022-01-30,"I was running through a ocean, chased by a cat."
2025-02-22,"I was in a forest, where time moved excited."
2023-08-18,"I was speaking with my ghost, and they turned into a bird."
2024-10-23,"I was speaking with my teacher, and they turned into a cat."
2021-05-29,I met a friend who told me a secret about book.
2022-09-27,I met a celebrity who told me a secret about book.
2025-05-06,I met a teacher who told me a secret about light.
2023-02-23,I met a celebrity who told me a secret about mirror.
2021-10-28,"I was attending a funeral, but nobody recognized me."
2022-11-24,I was flying over castle and felt completely afraid.
2025-06-14,"I was in a mountain, where time moved peaceful."
2025-05-16,I walked into a castle made entirely of mirror.
2023-05-26,"I was speaking with my childhood pet, and they turned into a monster."
2025-01-17,I was trapped inside a city and couldn't find my way out.
2020-10-13,I was flying over school and felt completely happy.
2022-04-01,"I was in a castle, where time moved peaceful."
2021-10-23,I found a flower that gave me the power to disappear.
2022-12-05,"I was in a ocean, where time moved lonely."
2021-02-19,I walked into a city made entirely of door.
2024-05-15,I found a book that gave me the power to disappear.
2024-01-14,"I was underwater, breathing easily, surrounded by dragon."
2021-08-26,I was flying over desert and felt completely happy.
2025-05-31,I walked into a castle made entirely of book.
2023-01-24,"I was attending a wedding, but nobody recognized me."
2024-06-24,I was flying over ocean and felt completely peaceful.
2023-08-05,I was flying over library and felt completely peaceful.
2021-12-09,I was flying over city and felt completely confused.
2025-01-07,"I was attending a wedding, but nobody recognized me."
2023-05-19,I was flying over city and felt completely confused.
2024-06-21,"I was in a school, where time moved happy."
2025-01-08,"I was speaking with my celebrity, and they turned into a dragon."
2022-03-08,I was trapped inside a mountain and couldn't find my way out.
2024-11-06,"I was attending a graduation, but nobody recognized me."
2022-06-14,I found a light that gave me the power to heal.
2021-05-01,I was flying over library and felt completely happy.
2021-02-16,"I was speaking with my ghost, and they turned into a monster."
2023-06-22,"I was attending a graduation, but nobody recognized me."
2023-06-01,"I was speaking with my friend, and they turned into a bird."
2023-11-02,"I was underwater, breathing easily, surrounded by bird."
2023-10-21,"I was in a castle, where time moved happy."
2022-04-27,"I was underwater, breathing easily, surrounded by fish."
2023-02-03,"I was in a desert, where time moved confused."
2021-02-12,I was flying over library and felt completely afraid.
2021-12-01,I met a ghost who told me a secret about flower.
2024-01-18,I was trapped inside a ocean and couldn't find my way out.
2023-09-09,"I was underwater, breathing easily, surrounded by bird."
2023-09-26,"I was running through a library, chased by a cat."
2022-01-16,"I was running through a desert, chased by a monster."
2020-10-23,I was flying over forest and felt completely lonely.
2022-07-01,I walked into a school made entirely of light.
2023-05-07,"I was attending a funeral, but nobody recognized me."
2024-04-07,"I was in a school, where time moved lonely."
2021-09-02,"I was underwater, breathing easily, surrounded by cat."
2024-06-20,I found a mirror that gave me the power to become invisible.
2023-04-10,"I was attending a birthday party, but nobody recognized me."
2025-02-03,I walked into a castle made entirely of book.
2024-11-05,I found a door that gave me the power to travel through time.
2023-10-30,"I was underwater, breathing easily, surrounded by dog."
2023-11-28,"I was speaking with my friend, and they turned into a cat."
2021-08-30,I was flying over forest and felt completely happy.
2021-08-05,"I was in a ocean, where time moved lonely."
2022-01-19,"I was attending a concert, but nobody recognized me."
2021-07-20,I found a door that gave me the power to become invisible.
2023-05-05,I walked into a school made entirely of flower.
2020-12-02,I was flying over forest and felt completely happy.
2022-06-04,I was trapped inside a school and couldn't find my way out.
2024-09-14,I met a teacher who told me a secret about flower.
2023-09-08,I met a childhood pet who told me a secret about light.
2022-04-01,"I was speaking with my celebrity, and they turned into a fish."
2021-01-14,I was flying over school and felt completely excited.
2021-10-15,I was trapped inside a library and couldn't find my way out.
2024-09-12,I was trapped inside a desert and couldn't find my way out.
2025-05-30,I was flying over ocean and felt completely peaceful.
2024-02-24,"I was speaking with my ghost, and they turned into a monster."
2024-01-17,"I was underwater, breathing easily, surrounded by monster."
2024-05-13,"I was in a city, where time moved happy."
2025-08-25,"I was running through a desert, chased by a monster."
2023-11-12,I found a mirror that gave me the power to travel through time.
2022-09-15,"I was running through a library, chased by a monster."
2024-12-10,"I was running through a school, chased by a monster."
2021-04-29,I walked into a library made entirely of book.
2025-08-24,"I was underwater, breathing easily, surrounded by monster."
2021-06-14,"I was speaking with my stranger, and they turned into a cat."
2023-06-11,"I was attending a concert, but nobody recognized me."
2021-07-30,"I was in a city, where time moved happy."
2025-08-22,"I was running through a desert, chased by a cat."
2021-07-11,I walked into a forest made entirely of key.
2021-03-05,"I was underwater, breathing easily, surrounded by cat."
2024-01-01,"I was in a library, where time moved afraid."
2023-04-03,I walked into a ocean made entirely of mirror.
2021-07-02,"I was in a forest, where time moved peaceful."
2023-07-16,I was flying over library and felt completely confused.
2021-07-01,"I was in a mountain, where time moved excited."
2021-02-28,"I was underwater, breathing easily, surrounded by dog."
2024-02-10,"I was attending a funeral, but nobody recognized me."
2020-10-23,"I was speaking with my ghost, and they turned into a dragon."
2024-12-05,"I was in a ocean, where time moved afraid."
2021-09-13,I met a childhood pet who told me a secret about mirror.
2021-05-24,I was trapped inside a school and couldn't find my way out.
2024-02-13,"I was in a castle, where time moved afraid."
2024-08-15,I was flying over mountain and felt completely excited.
2020-12-31,"I was underwater, breathing easily, surrounded by bird."
2024-05-22,"I was underwater, breathing easily, surrounded by cat."
2025-04-27,I found a door that gave me the power to fly.
2023-10-18,"I was speaking with my teacher, and they turned into a fish."
2022-10-27,"I was running through a castle, chased by a monster."
2022-04-17,I was flying over city and felt completely happy.
2025-05-21,"I was speaking with my childhood pet, and they turned into a monster."
2021-11-25,I walked into a ocean made entirely of light.
2023-03-26,I found a key that gave me the power to become invisible.
2025-08-08,I found a key that gave me the power to become invisible.
2024-02-27,I walked into a city made entirely of flower.
2023-09-09,I was flying over library and felt completely happy.
2024-09-11,"I was underwater, breathing easily, surrounded by dragon."
2024-11-12,I was flying over castle and felt completely excited.
2022-01-22,I was trapped inside a desert and couldn't find my way out.
2024-08-12,I was trapped inside a castle and couldn't find my way out.
2025-02-17,I was flying over ocean and felt completely happy.
2020-12-17,I was trapped inside a castle and couldn't find my way out.
2021-06-17,"I was attending a concert, but nobody recognized me."
2020-10-23,I met a stranger who told me a secret about book.
2022-02-12,I walked into a ocean made entirely of key.
2022-08-26,I walked into a forest made entirely of door.
2025-03-24,I was trapped inside a ocean and couldn't find my way out.
2024-12-27,I met a teacher who told me a secret about door.
2022-09-25,I met a celebrity who told me a secret about key.
2021-01-05,I was trapped inside a city and couldn't find my way out.
2022-10-29,"I was attending a funeral, but nobody recognized me."
2022-03-31,"I was in a school, where time moved excited."
2025-04-22,I found a light that gave me the power to heal.
2020-09-17,"I was speaking with my celebrity, and they turned into a cat."
2022-10-08,I was flying over mountain and felt completely peaceful.
2024-06-05,I met a childhood pet who told me a secret about key.
2024-05-31,"I was speaking with my teacher, and they turned into a fish."
2024-09-20,I found a door that gave me the power to fly.
2023-04-23,I met a childhood pet who told me a secret about mirror.
2025-05-15,I was trapped inside a library and couldn't find my way out.
2021-12-04,I was trapped inside a castle and couldn't find my way out.
2021-12-16,"I was running through a ocean, chased by a dog."
2024-07-02,"I was speaking with my friend, and they turned into a bird."
2025-07-07,"I was speaking with my childhood pet, and they turned into a bird."
2025-08-30,I walked into a castle made entirely of door.
2023-03-21,"I was running through a library, chased by a monster."
2024-09-03,"I was attending a graduation, but nobody recognized me."
2023-05-31,"I was running through a ocean, chased by a bird."
2024-06-30,I walked into a castle made entirely of door.
2023-09-10,"I was running through a forest, chased by a fish."
2021-12-06,"I was attending a wedding, but nobody recognized me."
2024-11-12,"I was speaking with my stranger, and they turned into a fish."
2023-05-07,I was trapped inside a castle and couldn't find my way out.
2020-11-12,I was trapped inside a castle and couldn't find my way out.
2021-10-19,I was trapped inside a library and couldn't find my way out.
2024-03-10,"I was in a desert, where time moved lonely."
2023-06-26,I was trapped inside a city and couldn't find my way out.
2022-05-16,"I was underwater, breathing easily, surrounded by monster."
2024-07-12,I was flying over ocean and felt completely happy.
2024-10-09,I was flying over school and felt completely peaceful.
2025-06-09,I was trapped inside a mountain and couldn't find my way out.
2023-02-21,I was trapped inside a library and couldn't find my way out.
2022-06-26,I walked into a school made entirely of mirror.
2023-09-02,"I was speaking with my teacher, and they turned into a monster."
2023-12-17,I walked into a ocean made entirely of light.
2023-09-11,I was trapped inside a mountain and couldn't find my way out.
2023-12-23,I was flying over school and felt completely afraid.
2023-10-07,I was flying over desert and felt completely confused.
2025-01-12,I found a light that gave me the power to travel through time.
2020-11-08,"I was in a desert, where time moved afraid."
2022-05-06,"I was speaking with my friend, and they turned into a monster."
2025-03-18,I was flying over school and felt completely excited.
2025-01-26,"I was speaking with my celebrity, and they turned into a dog."
2025-01-13,"I was underwater, breathing easily, surrounded by dog."
2023-03-05,"I was attending a birthday party, but nobody recognized me."
2025-07-17,I walked into a ocean made entirely of flower.
2021-05-25,"I was speaking with my teacher, and they turned into a dragon."
2020-09-24,"I was speaking with my stranger, and they turned into a monster."
2023-07-20,I met a stranger who told me a secret about flower.
2021-03-25,"I was underwater, breathing easily, surrounded by bird."
2022-12-26,"I was in a desert, where time moved confused."
2024-08-31,I found a mirror that gave me the power to become invisible.
2024-08-18,I was trapped inside a school and couldn't find my way out.
2023-07-20,"I was in a school, where time moved excited."
2022-08-13,"I was underwater, breathing easily, surrounded by monster."
2024-01-10,I walked into a ocean made entirely of mirror.
2023-08-11,"I was underwater, breathing easily, surrounded by dog."
2022-03-01,I found a door that gave me the power to fly.
